City_ID,City,Lat,Lng,Max Temp,Humidity,Cloudiness,Wind Speed,Country,Date
0,luena,-11.7833,19.9167,67.59,68,100,2.55,AO,1620286046
1,bredasdorp,-34.5322,20.0403,59.0,94,100,16.11,ZA,1620286047
2,new norfolk,-42.7826,147.0587,61.0,66,0,3.0,AU,1620286047
3,rikitea,-23.1203,-134.9692,76.33,80,100,13.51,PF,1620285789
4,faanui,-16.4833,-151.75,82.67,75,12,12.53,PF,1620286048
5,butaritari,3.0707,172.7902,83.21,78,100,19.35,KI,1620286048
6,jamestown,42.097,-79.2353,37.4,93,75,6.91,US,1620286048
7,queanbeyan,-35.35,149.2333,61.0,82,75,13.8,AU,1620286049
8,peleduy,59.6289,112.7406,36.84,100,100,2.75,RU,1620286049
9,fairview,40.8126,-73.999,53.6,62,1,5.75,US,1620286050
10,touros,-5.1989,-35.4608,73.4,94,40,2.3,BR,1620286050
11,khatanga,71.9667,102.5,34.27,95,87,9.93,RU,1620286051
12,punta arenas,-53.15,-70.9167,37.4,93,0,8.05,CL,1620286051
13,kodiak,57.79,-152.4072,37.54,80,11,5.68,US,1620285837
14,hasaki,35.7333,140.8333,73.99,46,75,9.22,JP,1620286052
15,arraial do cabo,-22.9661,-42.0278,70.29,88,5,6.33,BR,1620286052
16,kijini,-5.85,39.3167,77.9,79,98,18.1,TZ,1620286073
17,mataura,-46.1927,168.8643,52.0,96,27,1.3,NZ,1620286074
18,kimbe,-5.5502,150.1429,80.74,85,100,0.51,PG,1620286074
19,praia da vitoria,38.7333,-27.0667,62.6,88,40,11.1,PT,1620286075
20,rocha,-34.4833,-54.3333,51.1,65,100,7.94,UY,1620286090
21,rapid city,44.0805,-103.231,41.0,81,90,4.61,US,1620285800
22,port elizabeth,-33.918,25.5701,64.4,88,20,10.36,ZA,1620286091
23,itupiranga,-5.1347,-49.3267,77.0,97,75,1.1,BR,1620286091
24,visby,57.6409,18.296,46.0,100,90,5.75,SE,1620286091
25,cosala,24.4125,-106.6908,64.99,92,0,1.77,MX,1620286092
26,cap-chat,49.1001,-66.6821,39.2,100,100,9.22,CA,1620286092
27,cayenne,4.9333,-52.3333,79.0,100,90,1.34,GF,1620286093
28,atuona,-9.8,-139.0333,80.56,79,32,23.13,PF,1620286093
29,galle,6.0367,80.217,86.85,65,100,8.46,LK,1620286093
30,usinsk,65.9939,57.5281,34.52,99,100,5.32,RU,1620286094
31,chokurdakh,70.6333,147.9167,24.94,90,12,5.48,RU,1620286094
32,kokoda,-8.8785,147.7407,79.59,90,83,3.49,PG,1620286095
33,albany,42.6001,-73.9662,48.0,76,100,1.01,US,1620286095
34,thompson,55.7435,-97.8558,26.6,74,20,6.91,CA,1620286095
35,ushuaia,-54.8,-68.3,35.6,87,20,16.11,AR,1620286096
36,salalah,17.0151,54.0924,89.6,66,40,12.66,OM,1620286096
37,taoudenni,22.6783,-3.9836,80.65,20,0,9.35,ML,1620286096
38,fairbanks,64.8378,-147.7164,48.2,87,75,4.03,US,1620286029
39,hai duong,20.9333,106.3167,87.8,74,20,8.05,VN,1620286096
40,vaini,-21.2,-175.2,75.2,94,90,12.66,TO,1620286097
41,port alfred,-33.5906,26.891,70.59,68,3,5.19,ZA,1620286098
42,sorong,-0.8833,131.25,83.21,78,100,5.41,ID,1620286098
43,meulaboh,4.1363,96.1285,84.92,69,99,5.12,ID,1620286098
44,victoria,22.2855,114.1577,81.0,72,96,3.0,HK,1620285882
45,sidney,-33.8679,151.2073,68.0,88,75,13.8,AU,1620285989
46,sao miguel do araguaia,-13.275,-50.1628,67.59,57,6,3.8,BR,1620286099
47,nome,64.5011,-165.4064,35.6,55,1,3.6,US,1620286099
48,paeroa,-37.3667,175.6667,60.01,89,0,2.37,NZ,1620286100
49,woodward,36.4337,-99.3904,55.4,93,40,5.75,US,1620286100
50,qaanaaq,77.484,-69.3632,25.57,82,100,1.34,GL,1620286101
51,hervey bay,-25.2986,152.8535,73.0,52,100,9.22,AU,1620286101
52,busselton,-33.65,115.3333,64.99,90,31,1.01,AU,1620286101
53,puerto ayora,-0.7393,-90.3518,73.99,93,0,5.59,EC,1620286039
54,marks,51.7111,46.7486,61.74,45,0,8.1,RU,1620286102
55,sitka,57.0531,-135.33,51.8,58,90,13.8,US,1620286102
56,pisco,-13.7,-76.2167,64.4,94,90,9.22,PE,1620286103
57,saldanha,-33.0117,17.9442,59.0,88,19,8.05,ZA,1620286103
58,port hedland,-20.3167,118.5667,86.0,66,97,11.5,AU,1620286104
59,sao joao da barra,-21.6403,-41.0511,71.47,87,0,7.76,BR,1620286104
60,camacha,33.0833,-16.3333,62.6,72,75,10.36,PT,1620286105
61,lavrentiya,65.5833,-171.0,20.07,85,4,6.71,RU,1620286105
62,cidreira,-30.1811,-50.2056,59.79,92,100,8.46,BR,1620286105
63,acarau,-2.8856,-40.12,73.78,88,62,6.22,BR,1620286106
64,tuktoyaktuk,69.4541,-133.0374,19.44,94,100,3.42,CA,1620286106
65,krasnoselkup,65.7,82.4667,32.99,97,100,21.41,RU,1620286107
66,manyana,-23.4,21.7167,66.63,33,88,9.37,BW,1620286107
67,shimoda,34.6667,138.95,68.0,83,40,11.5,JP,1620286107
68,cabo san lucas,22.8909,-109.9124,69.01,43,1,1.01,MX,1620286033
69,castro,-24.7911,-50.0119,58.95,64,5,3.94,BR,1620286108
70,baker city,44.7749,-117.8344,48.2,49,1,2.37,US,1620286108
71,port hawkesbury,45.6169,-61.3485,39.2,93,90,10.36,CA,1620286108
72,general roca,-39.0333,-67.5833,37.4,100,0,3.56,AR,1620286109
73,kruisfontein,-34.0033,24.7314,69.01,72,100,7.0,ZA,1620286109
74,buluang,13.3068,123.3425,91.42,53,88,5.35,PH,1620286110
75,ukiah,39.1502,-123.2078,57.2,58,1,4.0,US,1620286110
76,lienz,46.8289,12.769,37.4,75,20,2.42,AT,1620286110
77,cape town,-33.9258,18.4232,60.8,82,40,20.71,ZA,1620286111
78,bluff,-46.6,168.3333,52.0,96,58,3.31,NZ,1620286111
79,los llanos de aridane,28.6585,-17.9182,66.2,59,75,11.5,ES,1620286112
80,marathon,44.9,-89.7668,50.0,46,90,6.91,US,1620286112
81,shubarshi,48.5872,57.1869,58.93,36,6,13.24,KZ,1620286112
82,hobart,-42.8794,147.3294,61.0,72,75,12.66,AU,1620285874
83,kapaa,22.0752,-159.319,73.4,78,1,14.97,US,1620285945
84,svetlyy,54.675,20.1347,44.6,81,75,24.61,RU,1620286113
85,date,42.4681,140.8681,56.3,56,0,13.53,JP,1620286114
86,hearst,49.6835,-83.6665,30.2,93,34,3.44,CA,1620286114
87,tiksi,71.6872,128.8694,28.2,86,100,15.41,RU,1620286114
88,dingli,35.8614,14.3822,64.4,88,20,6.91,MT,1620286115
89,namibe,-15.1961,12.1522,74.82,82,23,1.28,AO,1620286115
90,yellowknife,62.456,-114.3525,35.6,60,20,8.05,CA,1620286084
91,hailin,44.5833,129.4167,73.6,23,90,11.36,CN,1620286116
92,tabou,4.423,-7.3528,77.54,89,100,8.77,CI,1620286116
93,el alto,-4.2714,-81.2147,70.2,76,86,11.34,PE,1620286116
94,bethel,41.3712,-73.414,46.99,87,6,9.13,US,1620286117
95,sao gabriel da cachoeira,-0.1303,-67.0892,70.88,98,100,0.54,BR,1620286117
96,saint-philippe,-21.3585,55.7679,78.8,88,0,5.75,RE,1620286117
97,tuatapere,-46.1333,167.6833,52.0,96,95,1.95,NZ,1620286118
98,clyde river,70.4692,-68.5914,8.6,92,40,4.61,CA,1620286033
99,saint-joseph,-21.3667,55.6167,77.0,88,0,5.75,RE,1620286119
100,nenjiang,49.1833,125.2167,54.21,45,49,11.95,CN,1620286119
101,avarua,-21.2078,-159.775,77.0,73,40,6.91,CK,1620286028
102,mirnyy,62.5353,113.9611,47.37,69,100,4.21,RU,1620286120
103,ponta do sol,32.6667,-17.1,57.99,63,18,1.99,PT,1620286120
104,georgetown,5.4112,100.3354,87.01,79,20,4.5,MY,1620286047
105,mahebourg,-20.4081,57.7,84.2,74,75,6.91,MU,1620286121
106,makokou,0.5738,12.8642,72.27,93,100,4.25,GA,1620286121
107,itoman,26.1247,127.6694,78.8,89,75,11.5,JP,1620286121
108,talnakh,69.4865,88.3972,30.74,93,97,4.56,RU,1620286122
109,caibarien,22.5206,-79.4669,73.4,94,1,3.44,CU,1620286122
110,klaksvik,62.2266,-6.589,35.6,87,100,26.46,FO,1620286123
111,vanavara,60.34,102.2797,41.79,46,100,8.55,RU,1620286123
112,bismil,37.8486,40.6658,75.2,38,20,3.44,TR,1620286124
113,lorengau,-2.0226,147.2712,83.35,77,84,4.74,PG,1620286124
114,imeni babushkina,59.7573,43.1285,46.81,61,77,7.09,RU,1620286124
115,tasiilaq,65.6145,-37.6368,28.4,86,90,2.3,GL,1620286125
116,barrow,71.2906,-156.7887,14.0,85,90,5.75,US,1620286125
117,commerce,34.0006,-118.1598,62.01,77,20,3.44,US,1620286126
118,zhanakorgan,43.9098,67.2495,78.69,25,100,10.42,KZ,1620286126
119,berbera,10.4396,45.0143,87.6,62,48,5.53,SO,1620286127
120,ranau,5.9538,116.6641,78.8,94,40,4.61,MY,1620286085
121,mareeba,-17.0,145.4333,80.01,57,6,5.75,AU,1620286127
122,ziarat,30.3823,67.7282,59.92,38,100,5.1,PK,1620286127
123,asau,46.4333,26.4,64.4,52,40,11.5,RO,1620286128
124,katsuura,35.1333,140.3,73.99,64,75,3.44,JP,1620286128
125,kholodnyy,62.7167,147.95,37.27,78,96,2.08,RU,1620286129
126,san patricio,28.017,-97.5169,69.8,94,1,4.92,US,1620286129
127,santa pola,38.1917,-0.5658,64.99,88,0,6.91,ES,1620286025
128,yabrud,33.9674,36.6574,78.8,21,0,16.11,SY,1620286130
129,takoradi,4.8845,-1.7554,80.47,80,97,6.35,GH,1620286130
130,nikolskoye,59.7035,30.7861,43.0,93,90,6.71,RU,1620286130
131,moindou,-21.6924,165.677,75.2,83,0,3.44,NC,1620286131
132,dikson,73.5069,80.5464,27.86,85,100,10.78,RU,1620286131
133,chara,56.9064,118.2631,45.05,48,96,2.93,RU,1620286132
134,pathanamthitta,9.2667,76.7833,94.93,48,30,2.71,IN,1620286132
135,saint george,37.1041,-113.5841,75.2,11,1,13.8,US,1620286132
136,edgewater,28.9889,-80.9023,73.99,88,40,4.72,US,1620286133
137,tambovka,50.0969,128.0489,55.4,54,40,6.71,RU,1620286133
138,dryden,49.7833,-92.7503,32.0,74,1,4.61,CA,1620286134
139,calgary,51.0501,-114.0853,45.0,49,20,6.91,CA,1620286073
140,esperance,-33.8667,121.9,69.8,73,36,6.91,AU,1620286134
141,hilo,19.7297,-155.09,73.4,78,40,4.61,US,1620286135
142,carnarvon,-24.8667,113.6333,77.0,61,75,8.05,AU,1620286135
143,upernavik,72.7868,-56.1549,16.75,76,27,8.08,GL,1620286135
144,jalu,29.0331,21.5482,94.35,15,22,17.47,LY,1620286136
145,ossora,59.2353,163.0719,28.4,78,1,5.39,RU,1620286136
146,gharghoda,22.1667,83.35,103.66,17,4,7.16,IN,1620286137
147,lagos,6.5833,3.75,78.8,94,20,7.16,NG,1620286137
148,chuy,-33.6971,-53.4616,50.63,68,90,8.46,UY,1620286138
149,kodinsk,58.6881,99.1844,42.73,71,82,7.09,RU,1620286138
150,bambous virieux,-20.3428,57.7575,84.2,74,75,6.91,MU,1620286138
151,portland,45.5234,-122.6762,66.2,32,1,2.37,US,1620285857
152,kaitangata,-46.2817,169.8464,57.99,93,100,1.99,NZ,1620286139
153,sobolevo,54.4299,31.8996,49.15,93,100,20.67,RU,1620286139
154,xining,36.6167,101.7667,66.0,27,32,3.27,CN,1620286140
155,raudeberg,61.9875,5.1352,48.0,78,99,5.39,NO,1620286140
156,east london,-33.0153,27.9116,68.0,88,10,5.3,ZA,1620285929
157,ponta delgada,37.7333,-25.6667,62.6,88,40,3.44,PT,1620286141
158,aadorf,47.492,8.901,50.0,66,20,6.91,CH,1620286141
159,bengkulu,-3.8004,102.2655,83.19,72,100,1.63,ID,1620286141
160,norman wells,65.282,-126.8329,35.6,64,20,4.61,CA,1620286142
161,ifakara,-8.1333,36.6833,75.85,78,100,2.08,TZ,1620286142
162,karratha,-20.7377,116.8463,82.96,61,100,9.55,AU,1620285940
163,chokwe,-24.5333,32.9833,72.36,60,94,2.55,MZ,1620286143
164,iskateley,67.6803,53.1512,30.88,95,100,13.11,RU,1620286143
165,monrovia,6.3005,-10.7969,71.6,94,75,3.44,LR,1620285930
166,alofi,-19.0595,-169.9187,77.0,100,100,2.3,NU,1620286144
167,sinnamary,5.3833,-52.95,75.9,87,99,2.68,GF,1620286144
168,umm lajj,25.0213,37.2685,99.37,21,0,11.92,SA,1620286144
169,hithadhoo,-0.6,73.0833,84.33,65,100,3.94,MV,1620286145
170,hermanus,-34.4187,19.2345,60.01,94,100,4.0,ZA,1620286145
171,vostok,46.4856,135.8833,50.2,67,93,10.31,RU,1620286146
172,seymchan,62.8833,152.4333,34.07,92,100,2.44,RU,1620286146
173,codrington,-38.2667,141.9667,60.21,54,100,2.46,AU,1620286146
174,caernarfon,53.1413,-4.2702,42.8,81,4,2.3,GB,1620286147
175,asekeyevo,53.5742,52.7972,59.05,48,8,12.26,RU,1620286147
176,mount isa,-20.7333,139.5,80.6,12,97,13.8,AU,1620286147
177,namatanai,-3.6667,152.4333,83.88,73,100,5.17,PG,1620286148
178,poum,-20.2333,164.0167,77.58,74,32,1.81,NC,1620286148
179,beawar,26.1,74.3167,100.9,15,1,6.53,IN,1620286149
180,northam,51.0333,-4.2167,43.0,90,100,1.99,GB,1620286149
181,bouar,5.934,15.596,69.26,88,64,7.34,CF,1620286150
182,troitskoye,52.9821,84.6757,73.35,37,100,6.67,RU,1620286150
183,ust-nera,64.5667,143.2,38.79,82,100,4.59,RU,1620286150
184,ha giang,22.8333,104.9833,84.16,69,100,4.32,VN,1620286151
185,isoka,-10.1606,32.6335,63.21,85,87,4.36,ZM,1620286151
186,staryy nadym,65.6118,72.6842,35.02,99,100,31.68,RU,1620286152
187,conceicao do araguaia,-8.2578,-49.2647,73.4,94,0,3.44,BR,1620286152
188,laguna,38.421,-121.4238,62.6,72,1,8.05,US,1620286152
189,plettenberg bay,-34.0527,23.3716,63.41,87,26,4.68,ZA,1620286153
190,bardiyah,31.7561,25.0865,77.23,41,57,8.19,LY,1620286153
191,meadow lake,34.8014,-106.5436,64.4,27,20,23.02,US,1620286154
192,pascagoula,30.3658,-88.5561,69.8,78,75,5.75,US,1620286154
193,domoni,-12.2569,44.5319,79.84,72,99,13.04,KM,1620286155
194,puerto cabezas,14.0351,-83.3888,77.23,78,19,6.29,NI,1620286155
195,las margaritas,16.3167,-91.9833,59.38,93,100,3.53,MX,1620286155
196,rocky mountain house,52.3668,-114.9188,37.4,65,100,4.61,CA,1620286156
197,nago,26.5881,127.9761,78.01,83,90,8.05,JP,1620286156
198,havoysund,70.9963,24.6622,35.6,75,75,4.61,NO,1620286157
199,kotido,2.9806,34.1331,74.82,67,100,2.51,UG,1620286157
200,aswan,24.0934,32.907,99.23,9,0,9.46,EG,1620286158
201,luleburgaz,41.4039,27.3592,64.4,72,75,11.5,TR,1620286158
202,arroio grande,-32.2375,-53.0869,49.06,72,100,7.99,BR,1620286158
203,praia,14.9215,-23.5087,69.8,78,20,16.11,CV,1620286159
204,husavik,66.0449,-17.3389,32.0,80,90,9.22,IS,1620286159
205,gat,31.61,34.7642,80.01,42,16,5.99,IL,1620286160
206,muzhi,65.3667,64.6667,32.14,98,100,20.04,RU,1620286160
207,sur,22.5667,59.5289,91.94,51,14,4.79,OM,1620286160
208,san luis,-33.295,-66.3356,45.54,80,0,7.23,AR,1620286161
209,ternate,0.8,127.4,83.8,74,90,4.12,ID,1620286161
210,roma,43.2128,-75.4557,45.0,87,75,6.91,US,1620286161
211,bonnyville,54.2668,-110.735,42.8,42,1,2.3,CA,1620286162
212,egvekinot,66.3167,-179.1667,19.42,75,1,8.97,RU,1620286162
213,torbay,47.6666,-52.7314,37.99,87,90,10.36,CA,1620286163
214,oistins,13.0667,-59.5333,77.0,69,40,20.71,BB,1620286163
215,bandarbeyla,9.4942,50.8122,87.44,61,96,8.61,SO,1620286164
216,vardo,70.3705,31.1107,35.6,80,75,5.75,NO,1620286164
217,yarada,17.65,83.2667,95.0,46,40,9.22,IN,1620286164
218,kiunga,-6.1219,141.2906,81.59,92,99,1.61,PG,1620286165
219,bilibino,68.0546,166.4372,30.74,86,100,1.05,RU,1620286165
220,le vauclin,14.5452,-60.8388,77.0,78,75,10.36,MQ,1620286166
221,lubumbashi,-11.6609,27.4794,68.0,77,0,9.22,CD,1620285914
222,tautira,-17.7333,-149.15,80.6,78,40,3.44,PF,1620286166
223,ilulissat,69.2167,-51.1,28.4,80,75,4.61,GL,1620286166
224,hamilton,39.1834,-84.5333,44.6,100,1,3.15,US,1620286083
225,korla,41.7597,86.1469,83.48,7,2,13.38,CN,1620286167
226,leningradskiy,69.3833,178.4167,24.21,87,24,8.12,RU,1620286167
227,bereda,43.2686,-7.5406,53.01,99,100,5.3,ES,1620286168
228,haines junction,60.7522,-137.5108,39.2,52,100,3.44,CA,1620286168
229,manado,1.487,124.8455,78.8,94,40,3.44,ID,1620286169
230,storforshei,66.4043,14.5233,39.2,35,0,10.36,NO,1620286169
231,ocos,14.5094,-92.1933,66.0,98,100,7.85,GT,1620286169
232,dakoro,14.5106,6.765,92.48,14,12,2.15,NE,1620286170
233,ramanagaram,12.7167,77.3,89.01,48,40,3.44,IN,1620286170
234,dukstas,55.5333,26.3333,44.76,83,100,11.54,LT,1620286171
235,mabaruma,8.2,-59.7833,72.72,98,100,1.95,GY,1620286171
236,san andres,12.5847,-81.7006,80.6,78,20,12.66,CO,1620286171
237,yumen,40.2833,97.2,74.35,5,71,7.18,CN,1620286172
238,asyut,27.181,31.1837,98.04,10,0,3.91,EG,1620286172
239,cherskiy,68.75,161.3,31.48,88,100,3.91,RU,1620286173
240,kabwe,-14.4469,28.4464,67.5,47,6,9.69,ZM,1620286173
241,batesville,35.7698,-91.641,51.8,87,1,4.29,US,1620286174
242,kieta,-6.2167,155.6333,82.26,79,100,4.03,PG,1620286174
243,mizdah,31.4451,12.9801,73.56,28,100,18.75,LY,1620286174
244,matagami,49.7502,-77.6328,30.2,93,90,6.91,CA,1620286175
245,narsaq,60.9167,-46.05,33.8,47,1,4.72,GL,1620286175
246,tepalcatepec,19.1833,-102.85,76.19,42,4,1.63,MX,1620286176
247,sao filipe,14.8961,-24.4956,71.37,78,10,6.53,CV,1620286176
248,rio gallegos,-51.6226,-69.2181,37.4,93,0,9.22,AR,1620286177
249,pombia,45.653,8.6336,59.0,58,0,10.36,IT,1620286177
250,hefei,31.8639,117.2808,77.0,47,0,8.95,CN,1620286177
251,santa cruz,-17.8,-63.1667,53.6,82,75,18.41,BO,1620285938
252,melilla,35.2937,-2.9383,62.6,88,0,3.44,ES,1620286178
253,hofn,64.2539,-15.2082,33.89,55,14,14.97,IS,1620286178
254,gorontalo,0.5412,123.0595,85.06,75,100,3.0,ID,1620286179
255,cabedelo,-6.9811,-34.8339,73.4,100,20,6.91,BR,1620286179
256,lensk,60.7253,114.9278,38.98,97,100,5.06,RU,1620286180
257,saint-pierre,-21.3393,55.4781,77.0,88,0,5.75,RE,1620286180
258,saint marys,30.7305,-81.5465,71.6,94,40,4.05,US,1620286180
259,madang,-5.2246,145.7966,83.79,77,100,9.51,PG,1620286181
260,mapiripan,2.8892,-72.1256,72.01,93,97,1.61,CO,1620286181
261,tomatlan,19.9333,-105.25,67.86,87,0,2.57,MX,1620286181
262,puli,23.9664,120.9695,82.4,69,40,4.61,TW,1620286182
263,cockburn town,21.4612,-71.1419,78.6,73,2,18.86,TC,1620286093
264,mount gambier,-37.8333,140.7667,60.8,67,100,5.75,AU,1620286182
265,nachingwea,-10.3833,38.7667,71.47,72,100,8.77,TZ,1620286183
266,ribeira grande,38.5167,-28.7,62.6,94,75,18.41,PT,1620286183
267,kutum,14.2,24.6667,86.04,25,10,10.56,SD,1620286184
268,santa marta,11.2408,-74.199,82.99,79,100,12.59,CO,1620286184
269,sakaiminato,35.55,133.2333,68.0,52,75,11.5,JP,1620286185
270,corn island,12.1694,-83.0418,81.05,76,10,13.87,NI,1620286185
271,kuvandyk,51.4781,57.3552,55.0,49,7,14.12,RU,1620286023
272,marawi,7.9986,124.2928,84.0,84,100,8.99,PH,1620286186
273,labuan,5.2767,115.2417,84.2,84,40,5.75,MY,1620286186
274,penzance,50.1186,-5.5371,41.0,93,75,13.8,GB,1620286187
275,plastun,44.7561,136.2939,64.72,41,84,11.18,RU,1620286187
276,merauke,-8.4667,140.3333,84.11,69,21,16.53,ID,1620285907
277,paita,-5.0892,-81.1144,69.66,80,96,11.45,PE,1620286188
278,merritt island,28.5392,-80.672,73.99,88,1,4.61,US,1620285938
279,chulym,55.0997,80.9572,72.64,32,100,11.72,RU,1620286188
280,hede,33.7681,120.2517,74.98,53,100,16.13,CN,1620286189
281,roros,62.5747,11.3842,28.4,59,0,11.5,NO,1620286189
282,komsomolskiy,40.4272,71.7189,75.2,50,100,6.91,UZ,1620286189
283,lincoln,40.8,-96.667,46.99,81,1,14.97,US,1620286074
284,mar del plata,-38.0023,-57.5575,46.99,93,40,4.61,AR,1620285915
285,constitucion,-35.3333,-72.4167,55.51,69,0,4.74,CL,1620286190
286,bac lieu,9.285,105.7244,89.58,59,100,19.57,VN,1620286190
287,iqaluit,63.7506,-68.5145,28.4,93,90,6.91,CA,1620286191
288,jadu,31.953,12.0261,67.98,45,100,8.1,LY,1620286191
289,ozernovskiy,51.5,156.5167,40.17,79,100,8.66,RU,1620286192
290,kansanshi,-12.0951,26.4273,66.22,69,10,7.27,ZM,1620286192
291,san cristobal,7.7669,-72.225,66.81,98,100,0.72,VE,1620286192
292,letlhakeng,-24.0944,25.0298,68.38,29,0,9.1,BW,1620286193
293,maracaju,-21.6144,-55.1683,61.92,84,100,8.77,BR,1620286193
294,faya,18.3851,42.4509,77.0,13,0,2.48,SA,1620286194
295,saskylakh,71.9167,114.0833,31.87,90,99,10.54,RU,1620286194
296,severo-kurilsk,50.6789,156.125,34.2,95,100,13.42,RU,1620286194
297,oranjemund,-28.55,16.4333,59.65,80,0,7.11,NA,1620286195
298,garachine,8.0647,-78.3628,77.68,84,79,3.42,PA,1620286195
299,sechura,-5.5569,-80.8222,69.26,79,98,12.1,PE,1620286195
300,nurlat,54.4277,50.8051,53.76,65,89,10.47,RU,1620286196
301,phan thiet,10.9333,108.1,90.23,59,51,20.92,VN,1620286196
302,jambi,-1.6,103.6167,89.64,63,100,0.18,ID,1620286197
303,isangel,-19.55,169.2667,82.4,78,20,5.64,VU,1620286197
304,cururupu,-1.8283,-44.8683,72.09,97,94,1.32,BR,1620286198
305,kollam,8.8833,76.6,91.4,62,40,4.61,IN,1620286198
306,borogontsy,62.6683,131.1683,44.78,55,100,7.0,RU,1620286199
307,juruti,-2.1522,-56.0922,72.45,91,94,1.01,BR,1620286199
308,bambanglipuro,-7.95,110.2833,85.23,70,100,12.33,ID,1620286199
309,hluti,-27.2167,31.6167,68.97,49,5,1.74,SZ,1620286200
310,kumi,36.1136,128.336,77.0,25,20,4.61,KR,1620286200
311,krasnaya gora,52.9995,31.6023,50.0,87,90,22.37,RU,1620286201
312,airai,-8.9266,125.4092,64.63,85,99,3.44,TL,1620286201
313,mlonggo,-6.5333,110.7,91.4,52,20,6.91,ID,1620286202
314,istisu,40.9457,48.0738,55.4,76,75,4.61,AZ,1620286203
315,andenes,69.3143,16.1194,39.2,60,20,12.66,NO,1620286204
316,makat,47.6469,53.3463,64.67,25,42,10.6,KZ,1620286205
317,shingu,33.7333,135.9833,68.0,64,0,8.05,JP,1620286205
318,licheng,23.2955,113.8284,87.8,58,75,4.47,CN,1620286207
319,thinadhoo,0.5333,72.9333,84.61,66,86,5.01,MV,1620286207
320,pangnirtung,66.1451,-65.7125,22.86,83,27,6.91,CA,1620286208
321,ladario,-19.0047,-57.6017,56.57,78,35,6.31,BR,1620286208
322,bogale,16.2833,95.4,103.23,26,25,5.21,MM,1620286209
323,henties bay,-22.116,14.2845,63.0,93,100,3.0,NA,1620286209
324,geraldton,-28.7667,114.6,73.4,64,75,10.36,AU,1620286209
325,virginia beach,36.8529,-75.978,61.0,59,22,1.01,US,1620286210
326,pljevlja,43.3333,19.3333,42.8,70,75,4.61,ME,1620286210
327,maldonado,-34.6667,-54.9167,57.2,62,75,14.97,UY,1620286211
328,nantucket,41.2835,-70.0995,50.0,87,90,9.22,US,1620286211
329,buraydah,26.326,43.975,93.2,18,0,9.22,SA,1620286211
330,sauda,59.6506,6.3542,44.01,56,75,11.5,NO,1620286212
331,vao,-22.6667,167.4833,74.66,80,8,5.1,NC,1620286212
332,bertoua,4.5833,13.6833,76.69,72,89,4.76,CM,1620286213
333,kolvereid,64.8655,11.6047,41.0,38,0,10.36,NO,1620286213
334,tucuman,-26.8241,-65.2226,50.0,93,90,5.75,AR,1620286214
335,adrar,20.5022,-10.0711,72.95,22,5,14.99,MR,1620286214
336,pevek,69.7008,170.3133,29.46,82,100,3.58,RU,1620286215
337,kahului,20.8947,-156.47,73.4,68,40,12.66,US,1620286215
338,longyearbyen,78.2186,15.6401,17.6,67,20,13.8,SJ,1620286216
339,sanchursk,56.9413,47.2499,56.14,60,27,7.14,RU,1620286216
340,cocachacra,-17.0883,-71.7575,66.15,86,100,3.09,PE,1620286216
341,tiarei,-17.5333,-149.3333,80.6,78,40,3.44,PF,1620286217
342,bom jesus,-9.0744,-44.3586,68.56,92,75,1.07,BR,1620286217
343,san vicente,-26.6167,-54.1333,53.29,99,100,5.53,AR,1620286218
344,hakkari,37.5833,44.1667,62.6,51,40,5.75,TR,1620286218
345,balaipungut,1.05,101.2833,82.4,78,40,5.75,ID,1620286219
346,bowen,-20.0167,148.2333,69.8,64,70,5.75,AU,1620286219
347,lompoc,34.6391,-120.4579,51.8,93,2,2.53,US,1620285942
348,ambunti,-4.2365,142.8448,82.09,79,99,4.0,PG,1620286220
349,ostrovnoy,68.0531,39.5131,30.97,81,99,8.75,RU,1620286220
350,bubaque,11.2833,-15.8333,77.47,63,34,9.89,GW,1620286221
351,la rioja,42.25,-2.5,55.0,87,0,2.3,ES,1620286221
352,palmer,42.1584,-72.3287,48.99,87,75,3.44,US,1620286222
353,esmeraldas,-19.7625,-44.3139,60.8,82,0,2.3,BR,1620286222
354,gilbues,-9.8317,-45.3439,68.43,87,82,3.71,BR,1620286223
355,san juan de la maguana,18.8059,-71.2299,68.0,92,0,1.74,DO,1620286223
356,yar-sale,66.8333,70.8333,32.88,94,100,30.65,RU,1620286223
357,ancud,-41.8697,-73.8203,37.99,100,13,5.75,CL,1620286224
358,orcopampa,-15.2661,-72.3417,38.66,90,96,3.0,PE,1620286224
359,synya,65.3718,58.0387,34.23,91,100,8.16,RU,1620286225
360,myitkyina,25.3833,97.4,97.95,27,8,3.98,MM,1620286225
361,winnemucca,40.973,-117.7357,60.8,27,1,9.22,US,1620286226
362,san blas,21.5167,-105.2667,68.77,80,0,3.51,MX,1620286226
363,pochutla,15.7432,-96.4661,77.61,79,62,1.54,MX,1620286227
364,rawson,-43.3002,-65.1023,50.11,55,100,7.38,AR,1620286227
365,zaozerne,45.1582,33.2787,62.01,35,99,4.65,UA,1620286227
366,lebu,-37.6167,-73.65,52.83,77,5,6.22,CL,1620286228
367,neryungri,56.6709,124.6491,37.69,84,100,9.75,RU,1620286228
368,jiayuguan,39.8167,98.3,72.34,6,31,12.41,CN,1620286229
369,arkhara,49.4212,130.0842,56.71,52,96,9.01,RU,1620286229
370,rondonopolis,-16.4708,-54.6356,61.75,54,16,3.15,BR,1620286229
371,pabrade,55.0,25.7833,46.0,81,75,14.97,LT,1620286230
372,erenhot,43.6475,111.9767,47.71,26,70,26.55,CN,1620286230
373,sabha,27.0377,14.4283,98.33,6,35,21.72,LY,1620286231
374,tiznit,29.5833,-9.5,66.7,58,0,2.44,MA,1620286231
375,solnechnyy,50.7214,136.6319,35.85,98,100,4.52,RU,1620286232
376,karpathos,35.507,27.2132,77.0,50,0,12.66,GR,1620286232
377,gazli,40.1333,63.45,76.33,30,100,11.83,UZ,1620286232
378,tanete,-3.9443,119.7848,83.07,82,86,6.51,ID,1620286233
379,maryville,35.7565,-83.9705,50.0,93,1,3.8,US,1620285981
380,araouane,18.9048,-3.5265,87.4,27,16,14.85,ML,1620286233
381,basco,20.4487,121.9702,81.07,84,70,14.67,PH,1620286234
382,stornoway,58.2093,-6.3865,43.0,75,20,23.02,GB,1620286234
383,casablanca,33.5928,-7.6192,62.6,94,0,3.44,MA,1620286047
384,kloulklubed,7.0419,134.2556,82.4,83,75,11.5,PW,1620286234
385,krasnogorsk,55.8225,37.3181,60.8,48,0,20.13,RU,1620286235
386,sola,-13.8833,167.55,84.2,84,75,10.89,VU,1620286235
387,kilindoni,-7.9139,39.6668,79.34,73,70,20.67,TZ,1620286236
388,kalabo,-14.97,22.6814,75.04,43,89,7.58,ZM,1620286236
389,broome,42.2506,-75.833,46.0,81,90,12.66,US,1620286237
390,yeppoon,-23.1333,150.7333,77.0,29,98,8.05,AU,1620286237
391,gainesville,29.6516,-82.3248,73.99,94,1,2.44,US,1620286038
392,fonte boa,-2.4959,-66.2662,71.71,99,100,2.37,BR,1620286238
393,monte santo,-10.4378,-39.3328,61.95,97,55,3.53,BR,1620286238
394,srednekolymsk,67.45,153.6833,30.36,83,85,3.87,RU,1620286238
395,weligama,5.9667,80.4167,85.96,69,100,9.8,LK,1620286239
396,coihaique,-45.5752,-72.0662,26.6,93,90,3.44,CL,1620286239
397,mandasa,18.8667,84.4667,94.06,50,5,13.47,IN,1620286240
398,dale,38.1689,-86.99,44.6,93,1,3.87,US,1620286240
399,itarema,-2.9248,-39.9167,72.57,91,69,6.08,BR,1620286240
400,gloversville,43.0528,-74.3438,46.0,100,90,8.05,US,1620286241
401,waingapu,-9.6567,120.2641,83.73,63,15,12.86,ID,1620286241
402,kaspiyskiy,45.3929,47.3707,65.5,39,21,10.49,RU,1620286242
403,jinchang,38.4953,102.1739,69.49,9,66,22.15,CN,1620286242
404,aldergrove,49.058,-122.4709,55.4,58,75,5.75,CA,1620286067
405,kuusamo,65.9667,29.1833,28.4,69,90,9.22,FI,1620286243
406,imbituba,-28.24,-48.6703,66.2,82,75,4.61,BR,1620286243
407,loandjili,-4.7561,11.8578,78.8,94,20,4.61,CG,1620286243
408,lashio,22.9333,97.75,92.21,28,4,6.06,MM,1620286244
409,tartagal,-22.5164,-63.8013,48.02,83,100,5.26,AR,1620286244
410,flin flon,54.7682,-101.865,25.75,93,43,5.37,CA,1620286207
411,otavi,-19.65,17.3333,74.17,30,40,10.2,NA,1620286245
412,tessalit,20.1986,1.0114,90.9,12,1,2.33,ML,1620286245
413,flinders,-34.5833,150.8552,66.99,94,84,5.99,AU,1620286245
414,halifax,44.6453,-63.5724,41.0,93,100,17.27,CA,1620286060
415,hulan,45.9833,126.6,71.6,30,0,6.71,CN,1620286246
416,shache,38.4167,77.2406,81.72,9,94,10.18,CN,1620286246
417,plainview,40.7765,-73.4673,51.01,71,1,6.91,US,1620286247
418,merced,37.1666,-120.7516,72.0,45,1,5.75,US,1620286247
419,arica,-18.475,-70.3042,66.2,77,90,3.44,CL,1620286172
420,almaznyy,48.0448,40.045,64.4,45,0,15.66,RU,1620286248
421,baraboo,43.4711,-89.7443,46.0,100,90,8.41,US,1620286248
422,koslan,63.4564,48.8989,40.8,44,64,11.43,RU,1620286249
423,zhangye,38.9342,100.4517,73.11,7,29,15.57,CN,1620286249
424,durban,-29.8579,31.0292,72.0,83,0,3.44,ZA,1620286121
425,guadalupe y calvo,26.1,-106.9667,49.48,53,0,5.21,MX,1620286250
426,saint-augustin,51.226,-58.6502,39.51,87,100,10.54,CA,1620286250
427,avera,33.194,-82.5271,60.8,90,1,5.39,US,1620286251
428,yoichi,43.2039,140.7703,71.6,28,40,11.5,JP,1620286251
429,kattivakkam,13.2167,80.3167,93.2,52,40,9.22,IN,1620286251
430,bara,10.3744,10.7288,89.33,46,84,11.05,NG,1620286252
431,tahoua,14.8888,5.2692,87.8,27,0,8.25,NE,1620286252
432,ashqelon,31.6693,34.5715,82.99,27,45,3.0,IL,1620286253
433,la ronge,55.1001,-105.2842,32.0,59,8,2.3,CA,1620286253
434,launceston,-41.45,147.1667,60.8,67,90,6.91,AU,1620286235
435,tari,12.4086,4.4914,88.83,43,94,17.38,NG,1620286254
436,cayeli,41.0923,40.7292,68.0,47,0,4.59,TR,1620286254
437,kasongo,-4.45,26.6667,76.33,77,98,2.84,CD,1620286254
438,aklavik,68.2191,-135.0107,23.0,86,100,8.05,CA,1620286255
439,tramore,52.1624,-7.1524,42.01,87,0,12.66,IE,1620286255
440,mahon,39.8885,4.2658,60.8,88,20,3.44,ES,1620286256
441,kuching,1.55,110.3333,86.0,79,40,6.91,MY,1620286256
442,mahibadhoo,3.7833,72.9667,84.81,66,76,4.0,MV,1620286256
443,olafsvik,64.8945,-23.7142,34.29,65,20,12.5,IS,1620286257
444,iquique,-20.2208,-70.1431,59.0,94,0,4.36,CL,1620286257
445,vila franca do campo,37.7167,-25.4333,62.6,88,40,3.44,PT,1620286258
446,saint-francois,46.4154,3.9054,46.99,87,90,6.91,FR,1620286258
447,tilichiki,60.4667,166.1,23.36,88,47,7.99,RU,1620286259
448,auki,-8.7676,160.7034,79.83,82,17,4.0,SB,1620286259
449,kargil,34.5667,76.1,50.54,38,12,7.78,IN,1620286260
450,luancheng,37.8792,114.6517,87.8,9,0,26.84,CN,1620286260
451,pacific grove,36.6177,-121.9166,50.0,96,44,2.71,US,1620286260
452,tuy hoa,13.0833,109.3,85.28,69,90,9.28,VN,1620286261
453,ust-kuyga,70.0167,135.6,32.43,86,100,4.27,RU,1620286261
454,whitehorse,60.7161,-135.0538,41.0,48,75,4.61,CA,1620286228
455,mayumba,-3.432,10.6554,77.38,82,100,7.25,GA,1620286262
456,huarmey,-10.0681,-78.1522,66.76,88,86,5.7,PE,1620286262
457,martapura,-3.4167,114.85,89.6,62,40,6.91,ID,1620286263
458,kavieng,-2.5744,150.7967,82.87,76,80,6.51,PG,1620286263
459,nouakchott,18.0858,-15.9785,69.8,37,0,12.66,MR,1620286263
460,caravelas,-17.7125,-39.2481,71.35,92,24,0.69,BR,1620286264
461,provost,52.3501,-110.2683,37.4,70,11,3.44,CA,1620286264
462,zavodskoy,43.4597,132.2922,60.8,48,22,11.18,RU,1620286265
463,stolin,51.8912,26.846,49.87,68,75,17.83,BY,1620286265
464,ixtapa,20.7,-105.2,68.05,79,2,2.48,MX,1620286266
465,chardara,41.2547,67.9692,78.53,44,94,7.96,KZ,1620286266
466,tura,25.5198,90.2201,86.25,47,65,3.44,IN,1620286266
467,charters towers,-20.1,146.2667,67.87,27,30,8.55,AU,1620286267
468,sumbe,-11.2061,13.8437,78.73,84,99,8.23,AO,1620286267
469,kjollefjord,70.9457,27.3465,35.6,75,75,4.61,NO,1620286268
470,nueva loja,0.0847,-76.8828,69.67,98,98,1.21,EC,1620286268
471,matara,5.9485,80.5353,86.56,68,100,9.46,LK,1620286268
472,vestmanna,62.1564,-7.1664,35.6,87,98,26.46,FO,1620286269
473,barranca,-10.75,-77.7667,66.06,85,94,5.66,PE,1620286269
474,makakilo city,21.3469,-158.0858,77.0,64,75,5.75,US,1620286270
475,fortuna,40.5982,-124.1573,52.0,100,90,2.89,US,1620286270
476,ahipara,-35.1667,173.1667,57.38,83,50,3.74,NZ,1620286270
477,rabak,13.1809,32.74,93.15,30,98,7.65,SD,1620286271
478,peterhead,57.5058,-1.7981,42.01,93,90,8.05,GB,1620286271
479,zyryanka,65.75,150.85,35.24,89,98,1.59,RU,1620286272
480,antalaha,-14.9003,50.2788,83.97,67,2,5.26,MG,1620286272
481,puerto carreno,6.189,-67.4859,75.72,85,85,3.67,CO,1620286272
482,vila velha,-20.3297,-40.2925,66.2,100,0,5.14,BR,1620286273
483,yantal,56.8471,105.2542,38.71,94,100,6.46,RU,1620286274
484,zhigansk,66.7697,123.3711,36.75,82,100,12.12,RU,1620286274
485,terney,45.0503,136.6092,59.31,49,15,11.41,RU,1620286274
486,swan hill,-35.3378,143.5544,62.69,54,100,7.11,AU,1620286275
487,katobu,-4.9408,122.5276,77.9,91,100,3.47,ID,1620286275
488,najran,17.4924,44.1277,89.6,14,0,6.91,SA,1620286276
489,port-gentil,-0.7193,8.7815,78.8,89,75,3.44,GA,1620286276
490,ketchikan,55.3422,-131.6461,50.0,71,90,3.44,US,1620286276
491,vestmannaeyjar,63.4427,-20.2734,37.9,60,16,6.93,IS,1620286277
492,tyukalinsk,55.8732,72.1967,64.49,36,49,19.53,RU,1620286277
493,nara,34.6851,135.8049,79.0,33,0,6.91,JP,1620286278
494,fasa,28.9383,53.6482,80.6,28,20,4.61,IR,1620286278
495,sovetskiy,61.3614,63.5842,47.41,62,85,16.4,RU,1620286278
496,luderitz,-26.6481,15.1594,64.74,52,0,12.53,NA,1620286279
497,nemuro,43.3236,145.575,69.8,28,40,10.36,JP,1620286279
498,moree,-29.4667,149.85,66.2,68,90,10.36,AU,1620286280
499,lebork,54.5392,17.7501,44.01,70,75,19.57,PL,1620286280
500,kavaratti,10.5669,72.642,86.02,65,92,5.75,IN,1620286281
501,ust-tsilma,65.441,52.1498,36.99,66,100,11.43,RU,1620286281
502,richards bay,-28.783,32.0377,73.94,71,10,4.32,ZA,1620286281
503,margate,51.3813,1.3862,45.0,89,100,5.86,GB,1620286282
504,arawa,-6.2132,155.5367,79.86,87,100,3.33,PG,1620286282
505,necochea,-38.5473,-58.7368,50.77,70,72,10.36,AR,1620286283
506,fort nelson,58.8053,-122.7002,53.6,40,75,4.61,CA,1620286204
507,nador,35.174,-2.9287,62.6,88,0,3.44,MA,1620286283
508,asfi,32.2994,-9.2372,64.8,75,0,13.98,MA,1620286283
509,hami,42.8,93.45,83.98,4,100,2.26,CN,1620286284
510,provideniya,64.3833,-173.3,32.0,64,0,11.18,RU,1620286285
511,fershampenuaz,53.5202,59.8117,55.78,39,6,16.24,RU,1620286285
512,port lincoln,-34.7333,135.8667,69.31,43,36,7.34,AU,1620286285
513,ugoofaaru,5.6667,73.0,84.36,65,97,2.35,MV,1620286286
514,kaifeng,34.7911,114.3483,86.0,32,0,11.18,CN,1620286286
515,chicama,-7.8447,-79.1469,66.33,87,98,5.03,PE,1620286287
516,norrkoping,58.5942,16.1826,39.2,93,90,11.5,SE,1620286287
517,berlevag,70.8578,29.0864,35.6,64,75,2.3,NO,1620286288
518,ocean city,39.2776,-74.5746,53.01,81,20,5.75,US,1620286288
519,guerrero negro,27.9769,-114.0611,61.45,85,0,6.31,MX,1620286089
520,kenai,60.5544,-151.2583,42.8,56,90,5.75,US,1620286289
521,camocim,-2.9022,-40.8411,73.49,91,86,4.72,BR,1620286289
522,grafton,42.207,-71.6856,50.0,87,40,17.27,US,1620286290
523,langenhagen,52.45,9.75,43.0,87,75,6.91,DE,1620286290
524,quinapondan,11.1574,125.5209,81.9,85,98,10.02,PH,1620286291
525,port hardy,50.6996,-127.4199,53.6,62,75,6.91,CA,1620286291
526,gyanpur,25.35,82.4667,98.6,36,20,8.05,IN,1620286291
527,beloha,-25.1667,45.05,77.09,54,35,6.76,MG,1620286292
528,balabac,7.9868,117.0645,83.91,77,100,14.16,PH,1620286292
529,rajo khanani,24.9841,68.8536,107.46,12,0,8.7,PK,1620286292
530,comodoro rivadavia,-45.8667,-67.5,46.4,61,0,5.75,AR,1620286202
531,leninskoye,41.7589,69.3864,78.8,41,0,4.61,KZ,1620286293
532,lodwar,3.1191,35.5973,90.77,38,52,12.88,KE,1620286293
533,batticaloa,7.7102,81.6924,87.1,65,17,8.81,LK,1620286047
534,jablah,35.3614,35.9256,73.4,73,75,13.8,SY,1620286293
535,turgenevo,54.8455,46.3297,61.86,56,46,13.47,RU,1620286294
536,nagato,34.3833,131.2,68.0,63,40,9.22,JP,1620286294
537,bacolod,10.6667,122.95,88.75,59,76,15.48,PH,1620286295
538,isla mujeres,21.2311,-86.731,81.0,83,40,6.91,MX,1620286295
539,mokhsogollokh,61.4681,128.9203,37.6,89,100,8.25,RU,1620286295
540,porbandar,21.6422,69.6093,91.85,49,0,15.14,IN,1620286296
541,chake chake,-5.2459,39.7666,76.28,89,100,15.12,TZ,1620286296
542,abu zabad,12.35,29.25,93.07,35,46,12.19,SD,1620286296
543,suntar,62.1444,117.6319,50.13,58,93,8.75,RU,1620286297
544,tefe,-3.3542,-64.7114,72.91,99,100,1.07,BR,1620286297
545,yerofey pavlovich,53.9667,121.9667,49.32,49,100,8.25,RU,1620286298
546,shediac,46.2198,-64.5411,39.2,100,90,12.66,CA,1620286298
547,acapulco,16.8634,-99.8901,79.74,56,65,3.58,MX,1620286298
548,ivybridge,50.3904,-3.9191,45.0,85,100,1.01,GB,1620286299
549,juegang,32.3174,121.1855,69.94,58,100,12.53,CN,1620286299
550,batagay-alyta,67.8006,130.4114,33.82,95,100,3.27,RU,1620286024
551,karpogory,64.0019,44.4451,41.63,39,8,5.26,RU,1620286300
552,havelock,34.8791,-76.9013,69.01,82,87,3.0,US,1620286300
553,nizwa,22.9333,57.5333,94.03,18,64,9.28,OM,1620286300
554,antofagasta,-23.65,-70.4,59.0,94,75,11.5,CL,1620286301
555,maues,-3.3836,-57.7186,71.35,99,100,1.19,BR,1620286148
556,souillac,-20.5167,57.5167,84.2,74,75,6.91,MU,1620286301
557,bondo,3.8146,23.6866,71.42,98,100,2.51,CD,1620286302
558,tanout,14.9709,8.8879,95.04,4,4,7.94,NE,1620286302
559,santa cruz de la palma,28.6835,-17.7642,66.2,59,75,11.5,ES,1620286303
560,puerto ayacucho,5.6639,-67.6236,73.8,90,41,2.77,VE,1620286303
561,polyanka,50.2584,27.6881,51.24,63,100,15.68,UA,1620286303
562,marevo,57.3146,32.0804,53.13,86,100,15.75,RU,1620286304
563,moskovskiy,55.5991,37.355,61.0,48,0,13.42,RU,1620286304
564,gravdal,68.1214,13.5031,41.0,48,20,8.05,NO,1620286304
565,aksu,41.1231,80.2644,82.49,9,83,6.17,CN,1620286305
566,inirida,3.8653,-67.9239,72.21,96,68,0.13,CO,1620286305
567,birjand,32.8663,59.2211,71.6,33,40,4.61,IR,1620286219
568,tera,14.0078,0.7531,93.58,35,12,19.39,NE,1620286306
569,maragogi,-9.0122,-35.2225,75.15,80,4,4.65,BR,1620286306
570,liwonde,-15.0506,35.2035,74.7,54,5,1.72,MW,1620286306
